Date,Environment,Passed,Failed
2024-01-30,Tenant 1,100,5
2024-01-30,Tenant 2,110,10
2024-01-30,Tenant 3,120,15
2024-01-29,Tenant 1,110,10
2024-01-29,Tenant 2,120,15
2024-01-29,Tenant 3,130,20
2024-01-28,Tenant 1,100,5
2024-01-28,Tenant 2,110,10
2024-01-28,Tenant 3,130,20
2024-01-27,Tenant 1,110,10
2024-01-27,Tenant 2,120,15
2024-01-27,Tenant 3,130,20
2024-01-26,Tenant 1,100,5
2024-01-26,Tenant 2,110,10
2024-01-26,Tenant 3,120,15
2024-01-25,Tenant 1,110,10
2024-01-25,Tenant 2,120,15
2024-01-25,Tenant 3,130,20
2024-01-24,Tenant 1,100,5
2024-01-24,Tenant 2,110,10
2024-01-24,Tenant 3,120,15
2024-01-23,Tenant 1,110,10
2024-01-23,Tenant 2,120,15
2024-01-23,Tenant 3,130,20
2024-01-22,Tenant 1,100,5
2024-01-22,Tenant 2,110,10
2024-01-22,Tenant 3,120,15
2024-01-21,Tenant 1,110,10
2024-01-21,Tenant 2,120,15
2024-01-21,Tenant 3,130,20
2024-01-20,Tenant 1,100,5
2024-01-20,Tenant 2,110,10
2024-01-20,Tenant 3,120,15
2024-01-19,Tenant 1,110,10
2024-01-19,Tenant 2,120,15
2024-01-19,Tenant 3,130,20
2024-01-18,Tenant 1,100,5
2024-01-18,Tenant 2,110,10
2024-01-18,Tenant 3,120,15
2024-01-17,Tenant 1,110,10
2024-01-17,Tenant 2,120,15
2024-01-17,Tenant 3,130,20
2024-01-16,Tenant 1,100,5
2024-01-16,Tenant 2,110,10
2024-01-16,Tenant 3,120,15
2024-01-15,Tenant 1,110,10
2024-01-15,Tenant 2,120,15
2024-01-15,Tenant 3,130,20
2024-01-14,Tenant 1,100,5
2024-01-14,Tenant 2,110,10
2024-01-14,Tenant 3,120,15
2024-01-13,Tenant 1,110,10
2024-01-13,Tenant 2,120,15
2024-01-13,Tenant 3,130,20
2024-01-12,Tenant 1,100,5
2024-01-12,Tenant 2,110,10
2024-01-12,Tenant 3,120,15
2024-01-11,Tenant 1,110,10
2024-01-11,Tenant 2,120,15
2024-01-11,Tenant 3,130,20
2024-01-10,Tenant 1,120,8
2024-01-10,Tenant 2,160,15
2024-01-10,Tenant 3,130,20
2024-01-09,Tenant 1,100,5
2024-01-09,Tenant 2,110,10
2024-01-09,Tenant 3,120,15
2024-01-08,Tenant 1,110,10
2024-01-08,Tenant 2,120,15
2024-01-08,Tenant 3,130,20
2024-01-07,Tenant 1,100,5
2024-01-07,Tenant 2,110,10
2024-01-07,Tenant 3,120,15
2024-01-06,Tenant 1,110,10
2024-01-06,Tenant 2,120,15
2024-01-06,Tenant 3,130,20
2024-01-05,Tenant 1,100,5
2024-01-05,Tenant 2,110,10
2024-01-05,Tenant 3,120,15
2024-01-04,Tenant 1,110,10
2024-01-04,Tenant 2,120,15
2024-01-04,Tenant 3,130,20
2024-01-03,Tenant 1,100,5
2024-01-03,Tenant 2,110,10
2024-01-03,Tenant 3,120,15
2024-01-02,Tenant 1,110,10
2024-01-02,Tenant 2,120,15
2024-01-02,Tenant 3,130,20
2024-01-01,Tenant 1,100,5
2024-01-01,Tenant 2,110,10
2024-01-01,Tenant 3,120,15